username,beauty
怕孤独还网络,33.46
怕孤独还网络,33.46
美哆哆爱薯条,37.6
遇到合适的余生,38.18
会员653522382,40.71
康乐宝贝,40.96
少女凝眸笑点低,42.88
少女凝眸笑点低,42.88
缘来是你55,44.61
swtd秀儿,45.71
碧影邂逅迷路,46.23
流星雨666,47.09
萝莉多么天真,47.14
我在你也在,47.3
小芝麻。,48.34
小芝麻。,48.34
暗香疏雨,48.45
柠檬很酸的,48.51
yoyo琳,48.65
yoyo琳,48.65
Kathy海霞,48.92
爱笑的小鱼儿,49.81
章鱼大圆子,50.29
佳佳是只小狐狸,50.56
醉月泪了快乐,51.38
橙子有点酸,51.67
呆咪,51.74
呆咪,51.74
微凉精明,52.96
八小九,53.28
D呆鸟,54.02
惹祸,54.45
惹祸,54.45
千語,54.52
唯，，，，,54.84
美丽娜,55.07
,55.14
,55.14
莎520,55.97
哪吒敖丙,56.25
嗷呜小兔,56.8
陈芸芸-6,57.27
陈芸芸-6,57.27
一瞬之光,58.32
一瞬之光,58.32
哈喽哈啊,58.49
暖阳11,59.62
牵着蚂蚁去流浪,60.2
会员743221255,60.59
Five-7,60.73
美少女战士小Q,60.79
美少女战士小Q,60.79
非宝,61.28
腼腆黄芒仔,61.55
思颖真可爱,61.95
艳艳来了,62.15
如许,62.2
酸奶愤怒,62.26
酸奶愤怒,62.26
陷落美好,62.5
凡熹,62.57
完美等待柠檬,62.64
会员992496205,64.32
会员992496205,64.32
may-,64.76
子春 拾壹,65.21
子春 拾壹,65.21
忧心浅吻星星,65.28
曾经多么蜜蜂,65.75
会员424133469,65.76
会员730457747,66.11
西里子,66.67
花喵是只猫,66.76
花喵是只猫,66.76
小虎牙,67.12
小虎牙,67.12
会员897375402,67.53
无心拿芒果,68.21
小柠檬不萌,68.27
采采123,68.5
采采123,68.5
尘梦如烟a,68.87
晓媛兒,69.36
晓媛兒,69.36
诉说不如沉默,70.08
懒小,70.13
懒小,70.13
一颗晴豆豆,70.66
会员557350599,72.18
会员557350599,72.18
Joeywxs,72.4
温婉向汽车,73.86
黄小玉497,75.56
彩色打心情,75.82
欣慰爱恋茉莉,76.55
木瓜木瓜,76.61
你的baby,77.77
蓝可,78.03
差您歌剧院弄哦,81.1
差您歌剧院弄哦,81.1
